id,product_id,category_id
7,fbe5e42d52f7488298bc91a543d8126d,c31003c19bc840dbbd329d5af753079f
8,fbe5e42d52f7488298bc91a543d8126d,d38a55185e0b45cabde119fef0b0b165
9,fbe5e42d52f7488298bc91a543d8126d,a5a4c19112844d5b888bb9a819674cc7
10,453c20406acd4fe9a8ca79ddc0a505c7,c31003c19bc840dbbd329d5af753079f
11,453c20406acd4fe9a8ca79ddc0a505c7,d38a55185e0b45cabde119fef0b0b165
12,453c20406acd4fe9a8ca79ddc0a505c7,a5a4c19112844d5b888bb9a819674cc7
13,0319cf17143948a9ab267a25f88d853e,c31003c19bc840dbbd329d5af753079f
14,0319cf17143948a9ab267a25f88d853e,d38a55185e0b45cabde119fef0b0b165
15,0319cf17143948a9ab267a25f88d853e,a5a4c19112844d5b888bb9a819674cc7
16,bcbf3b696c66430fac744df5a54e908e,c31003c19bc840dbbd329d5af753079f
17,bcbf3b696c66430fac744df5a54e908e,d38a55185e0b45cabde119fef0b0b165
18,bcbf3b696c66430fac744df5a54e908e,3997b81d2a614a999e191a59979da254
19,fe9909dffff34d5cafec4cba45137728,c31003c19bc840dbbd329d5af753079f
20,fe9909dffff34d5cafec4cba45137728,d38a55185e0b45cabde119fef0b0b165
21,fe9909dffff34d5cafec4cba45137728,3997b81d2a614a999e191a59979da254
22,250c0bfac63c4c33b5be4c1714380b48,c31003c19bc840dbbd329d5af753079f
23,250c0bfac63c4c33b5be4c1714380b48,d38a55185e0b45cabde119fef0b0b165
24,250c0bfac63c4c33b5be4c1714380b48,a5a4c19112844d5b888bb9a819674cc7
25,423cc35e8c0e41a3a344c504af85bb68,c31003c19bc840dbbd329d5af753079f
26,423cc35e8c0e41a3a344c504af85bb68,d38a55185e0b45cabde119fef0b0b165
27,423cc35e8c0e41a3a344c504af85bb68,6910608b3a1647fb9e8020364d47a925
28,ca24be09d941446dbbb9e9abc3ab310b,c31003c19bc840dbbd329d5af753079f
29,ca24be09d941446dbbb9e9abc3ab310b,d38a55185e0b45cabde119fef0b0b165
30,ca24be09d941446dbbb9e9abc3ab310b,a5a4c19112844d5b888bb9a819674cc7
31,ef177c44ded342f1abc8b4043c2ce63d,c31003c19bc840dbbd329d5af753079f
32,ef177c44ded342f1abc8b4043c2ce63d,d38a55185e0b45cabde119fef0b0b165
33,ef177c44ded342f1abc8b4043c2ce63d,a5a4c19112844d5b888bb9a819674cc7
34,3853b112429040aea84e9c08875012e9,c31003c19bc840dbbd329d5af753079f
35,3853b112429040aea84e9c08875012e9,d38a55185e0b45cabde119fef0b0b165
36,3853b112429040aea84e9c08875012e9,a5a4c19112844d5b888bb9a819674cc7
37,452b12e4320c4c698077264a454e8343,c31003c19bc840dbbd329d5af753079f
38,452b12e4320c4c698077264a454e8343,d38a55185e0b45cabde119fef0b0b165
39,452b12e4320c4c698077264a454e8343,a5a4c19112844d5b888bb9a819674cc7
40,1944844952d845bcae0ab4ddc6d454a4,c31003c19bc840dbbd329d5af753079f
41,1944844952d845bcae0ab4ddc6d454a4,d38a55185e0b45cabde119fef0b0b165
42,1944844952d845bcae0ab4ddc6d454a4,a5a4c19112844d5b888bb9a819674cc7
43,0abb0c2e140447c9a8d7b1124c6a2be7,c31003c19bc840dbbd329d5af753079f
44,0abb0c2e140447c9a8d7b1124c6a2be7,d38a55185e0b45cabde119fef0b0b165
45,0abb0c2e140447c9a8d7b1124c6a2be7,a5a4c19112844d5b888bb9a819674cc7
46,40c0aa379ce448b6bdeed35a20b6ab13,c31003c19bc840dbbd329d5af753079f
47,40c0aa379ce448b6bdeed35a20b6ab13,d38a55185e0b45cabde119fef0b0b165
48,40c0aa379ce448b6bdeed35a20b6ab13,a5a4c19112844d5b888bb9a819674cc7
49,ca7cc7d54f3d4e5f9803aaf9f3e0153e,c31003c19bc840dbbd329d5af753079f
50,ca7cc7d54f3d4e5f9803aaf9f3e0153e,d38a55185e0b45cabde119fef0b0b165
51,ca7cc7d54f3d4e5f9803aaf9f3e0153e,b6286b03057f40fda5d970e3d97b3c76
52,8f371e6eea064f049116ec46557820aa,c31003c19bc840dbbd329d5af753079f
53,8f371e6eea064f049116ec46557820aa,d38a55185e0b45cabde119fef0b0b165
54,8f371e6eea064f049116ec46557820aa,2612f050c0b8425d880f5b74897ba1b2
55,d1cf3d9b1bcc49648faf737024c1f64d,c31003c19bc840dbbd329d5af753079f
56,d1cf3d9b1bcc49648faf737024c1f64d,d38a55185e0b45cabde119fef0b0b165
57,d1cf3d9b1bcc49648faf737024c1f64d,2612f050c0b8425d880f5b74897ba1b2
58,4d2dc02c1b7d45ee8db4a800921d057d,c31003c19bc840dbbd329d5af753079f
59,4d2dc02c1b7d45ee8db4a800921d057d,d38a55185e0b45cabde119fef0b0b165
60,4d2dc02c1b7d45ee8db4a800921d057d,cf847ad5ef314da7b8e176ef286e4d8c
61,b3eebed165d54743a7fe08a8695eaec2,c31003c19bc840dbbd329d5af753079f
62,b3eebed165d54743a7fe08a8695eaec2,d38a55185e0b45cabde119fef0b0b165
63,b3eebed165d54743a7fe08a8695eaec2,b6286b03057f40fda5d970e3d97b3c76
64,72e49968cc214d498328a160075e68ba,c31003c19bc840dbbd329d5af753079f
65,72e49968cc214d498328a160075e68ba,d38a55185e0b45cabde119fef0b0b165
66,72e49968cc214d498328a160075e68ba,b6286b03057f40fda5d970e3d97b3c76
67,508d614144c140f09b4b602e7ab3e5dc,c31003c19bc840dbbd329d5af753079f
68,508d614144c140f09b4b602e7ab3e5dc,d38a55185e0b45cabde119fef0b0b165
69,508d614144c140f09b4b602e7ab3e5dc,a5a4c19112844d5b888bb9a819674cc7
70,ef648300622a422295880ab87bd31399,c31003c19bc840dbbd329d5af753079f
71,ef648300622a422295880ab87bd31399,d38a55185e0b45cabde119fef0b0b165
72,ef648300622a422295880ab87bd31399,a5a4c19112844d5b888bb9a819674cc7
73,15e5f552e2dc4ab1a088e542bfd5451a,c31003c19bc840dbbd329d5af753079f
74,15e5f552e2dc4ab1a088e542bfd5451a,d38a55185e0b45cabde119fef0b0b165
75,15e5f552e2dc4ab1a088e542bfd5451a,cf847ad5ef314da7b8e176ef286e4d8c
79,6a1522db56a0472f9d20b9c41934d301,c31003c19bc840dbbd329d5af753079f
80,6a1522db56a0472f9d20b9c41934d301,d38a55185e0b45cabde119fef0b0b165
81,6a1522db56a0472f9d20b9c41934d301,a5a4c19112844d5b888bb9a819674cc7
82,5d62bc259b854f0fac40cce661940c18,c31003c19bc840dbbd329d5af753079f
83,5d62bc259b854f0fac40cce661940c18,d38a55185e0b45cabde119fef0b0b165
84,5d62bc259b854f0fac40cce661940c18,a5a4c19112844d5b888bb9a819674cc7
85,6449cf9d798543439ebb8cb86f24942d,c31003c19bc840dbbd329d5af753079f
86,6449cf9d798543439ebb8cb86f24942d,d38a55185e0b45cabde119fef0b0b165
87,6449cf9d798543439ebb8cb86f24942d,a5a4c19112844d5b888bb9a819674cc7
88,0405c77e03c5439787624b58ce429b80,c31003c19bc840dbbd329d5af753079f
89,0405c77e03c5439787624b58ce429b80,d38a55185e0b45cabde119fef0b0b165
90,0405c77e03c5439787624b58ce429b80,a5a4c19112844d5b888bb9a819674cc7
91,97059a9526c9477d9af7d07d1d01881e,c31003c19bc840dbbd329d5af753079f
92,97059a9526c9477d9af7d07d1d01881e,d38a55185e0b45cabde119fef0b0b165
93,97059a9526c9477d9af7d07d1d01881e,a5a4c19112844d5b888bb9a819674cc7
94,f87b8354578b41fd866544e4d23a74b5,c31003c19bc840dbbd329d5af753079f
95,f87b8354578b41fd866544e4d23a74b5,d38a55185e0b45cabde119fef0b0b165
96,f87b8354578b41fd866544e4d23a74b5,2612f050c0b8425d880f5b74897ba1b2
97,6090be59cf4844968cb66a0424ac976e,c31003c19bc840dbbd329d5af753079f
98,6090be59cf4844968cb66a0424ac976e,d38a55185e0b45cabde119fef0b0b165
99,6090be59cf4844968cb66a0424ac976e,b6286b03057f40fda5d970e3d97b3c76
100,66dcbc140f3848f39b8489ab18ba37d7,c31003c19bc840dbbd329d5af753079f
101,66dcbc140f3848f39b8489ab18ba37d7,d38a55185e0b45cabde119fef0b0b165
102,66dcbc140f3848f39b8489ab18ba37d7,b6286b03057f40fda5d970e3d97b3c76
103,05b8d689804f41db8189e5778a18c012,c31003c19bc840dbbd329d5af753079f
104,05b8d689804f41db8189e5778a18c012,d38a55185e0b45cabde119fef0b0b165
105,05b8d689804f41db8189e5778a18c012,b6286b03057f40fda5d970e3d97b3c76
106,61f2408b48cb4e9ea8dbc00e9c5abe5b,c31003c19bc840dbbd329d5af753079f
107,61f2408b48cb4e9ea8dbc00e9c5abe5b,d38a55185e0b45cabde119fef0b0b165
108,61f2408b48cb4e9ea8dbc00e9c5abe5b,b6286b03057f40fda5d970e3d97b3c76
109,7e96af7d22814ccfa19d5413af0f4bd0,c31003c19bc840dbbd329d5af753079f
110,7e96af7d22814ccfa19d5413af0f4bd0,d38a55185e0b45cabde119fef0b0b165
111,7e96af7d22814ccfa19d5413af0f4bd0,b6286b03057f40fda5d970e3d97b3c76
112,055c095e572242829efbf531eea35fb4,c31003c19bc840dbbd329d5af753079f
113,055c095e572242829efbf531eea35fb4,d38a55185e0b45cabde119fef0b0b165
114,055c095e572242829efbf531eea35fb4,cf847ad5ef314da7b8e176ef286e4d8c
115,ec348178873346a3b0b69c6fbb3b6b8c,c31003c19bc840dbbd329d5af753079f
116,ec348178873346a3b0b69c6fbb3b6b8c,d38a55185e0b45cabde119fef0b0b165
117,ec348178873346a3b0b69c6fbb3b6b8c,2612f050c0b8425d880f5b74897ba1b2
118,39d4cde0e23d405fbc11eb284040434b,c31003c19bc840dbbd329d5af753079f
119,39d4cde0e23d405fbc11eb284040434b,d38a55185e0b45cabde119fef0b0b165
120,39d4cde0e23d405fbc11eb284040434b,2612f050c0b8425d880f5b74897ba1b2
121,39b3f645d239440da06ef5b554a413fd,c31003c19bc840dbbd329d5af753079f
122,39b3f645d239440da06ef5b554a413fd,d38a55185e0b45cabde119fef0b0b165
123,39b3f645d239440da06ef5b554a413fd,2612f050c0b8425d880f5b74897ba1b2
124,0767bd78689845f28301cad621e77836,c31003c19bc840dbbd329d5af753079f
125,0767bd78689845f28301cad621e77836,d38a55185e0b45cabde119fef0b0b165
126,0767bd78689845f28301cad621e77836,cf847ad5ef314da7b8e176ef286e4d8c
127,2535baea056847bcba67499f75a68f62,c31003c19bc840dbbd329d5af753079f
128,2535baea056847bcba67499f75a68f62,d38a55185e0b45cabde119fef0b0b165
129,2535baea056847bcba67499f75a68f62,2612f050c0b8425d880f5b74897ba1b2
130,ed15c7676d704ee281d24d4aabe86dda,c31003c19bc840dbbd329d5af753079f
131,ed15c7676d704ee281d24d4aabe86dda,d38a55185e0b45cabde119fef0b0b165
132,ed15c7676d704ee281d24d4aabe86dda,a5a4c19112844d5b888bb9a819674cc7
133,134d814b63774596b2cd645512780628,c31003c19bc840dbbd329d5af753079f
134,134d814b63774596b2cd645512780628,d38a55185e0b45cabde119fef0b0b165
135,134d814b63774596b2cd645512780628,cf847ad5ef314da7b8e176ef286e4d8c
142,5da02c788351461ea16c40c88feea8a3,c31003c19bc840dbbd329d5af753079f
143,5da02c788351461ea16c40c88feea8a3,d38a55185e0b45cabde119fef0b0b165
144,5da02c788351461ea16c40c88feea8a3,a5a4c19112844d5b888bb9a819674cc7
148,54c09064f02d43f0bc90fbf9faf30081,c31003c19bc840dbbd329d5af753079f
149,54c09064f02d43f0bc90fbf9faf30081,d38a55185e0b45cabde119fef0b0b165
150,54c09064f02d43f0bc90fbf9faf30081,b6286b03057f40fda5d970e3d97b3c76
151,b55554ddf60f408faa875a92eca3640d,c31003c19bc840dbbd329d5af753079f
152,b55554ddf60f408faa875a92eca3640d,d38a55185e0b45cabde119fef0b0b165
153,b55554ddf60f408faa875a92eca3640d,1c272064a9a549aca3e18c84858236a1
154,d32c8c731823434486feac1f2c11b86f,c31003c19bc840dbbd329d5af753079f
155,d32c8c731823434486feac1f2c11b86f,d38a55185e0b45cabde119fef0b0b165
156,d32c8c731823434486feac1f2c11b86f,a5a4c19112844d5b888bb9a819674cc7
157,871c38b5735643b8aa6c858053a83440,c31003c19bc840dbbd329d5af753079f
158,871c38b5735643b8aa6c858053a83440,d38a55185e0b45cabde119fef0b0b165
159,871c38b5735643b8aa6c858053a83440,2612f050c0b8425d880f5b74897ba1b2
160,60a0692845df48aab401ace1cc01861a,c31003c19bc840dbbd329d5af753079f
161,60a0692845df48aab401ace1cc01861a,d38a55185e0b45cabde119fef0b0b165
162,60a0692845df48aab401ace1cc01861a,cf847ad5ef314da7b8e176ef286e4d8c
163,dbc9df4e815a4cb39559835148bbf578,c31003c19bc840dbbd329d5af753079f
164,dbc9df4e815a4cb39559835148bbf578,d38a55185e0b45cabde119fef0b0b165
165,dbc9df4e815a4cb39559835148bbf578,6910608b3a1647fb9e8020364d47a925
169,818c9af59790486aa478f9d04c97d8f3,c31003c19bc840dbbd329d5af753079f
170,818c9af59790486aa478f9d04c97d8f3,d38a55185e0b45cabde119fef0b0b165
171,818c9af59790486aa478f9d04c97d8f3,a5a4c19112844d5b888bb9a819674cc7
172,8d7ce2eec89e494784d4591688b006be,c31003c19bc840dbbd329d5af753079f
173,8d7ce2eec89e494784d4591688b006be,d38a55185e0b45cabde119fef0b0b165
174,8d7ce2eec89e494784d4591688b006be,b6286b03057f40fda5d970e3d97b3c76
175,51cff8b8194940e898db75f47c943359,c31003c19bc840dbbd329d5af753079f
176,51cff8b8194940e898db75f47c943359,d38a55185e0b45cabde119fef0b0b165
177,51cff8b8194940e898db75f47c943359,a5a4c19112844d5b888bb9a819674cc7
178,bd3c971453364a648af1103bb7cd6429,c31003c19bc840dbbd329d5af753079f
179,bd3c971453364a648af1103bb7cd6429,d38a55185e0b45cabde119fef0b0b165
180,bd3c971453364a648af1103bb7cd6429,a5a4c19112844d5b888bb9a819674cc7
181,cc515523d1584b8185a7c84edfeca8e0,c31003c19bc840dbbd329d5af753079f
182,cc515523d1584b8185a7c84edfeca8e0,d38a55185e0b45cabde119fef0b0b165
183,cc515523d1584b8185a7c84edfeca8e0,6910608b3a1647fb9e8020364d47a925
184,88e62f71d63a4456a0904143772ff6ce,c31003c19bc840dbbd329d5af753079f
185,88e62f71d63a4456a0904143772ff6ce,d38a55185e0b45cabde119fef0b0b165
186,88e62f71d63a4456a0904143772ff6ce,a5a4c19112844d5b888bb9a819674cc7
187,1f56e37e226f441c9df2ee49a5bf83d4,c31003c19bc840dbbd329d5af753079f
188,1f56e37e226f441c9df2ee49a5bf83d4,d38a55185e0b45cabde119fef0b0b165
189,1f56e37e226f441c9df2ee49a5bf83d4,cf847ad5ef314da7b8e176ef286e4d8c
190,7c230b0a4bdc4d528b9f8d85ec935aba,c31003c19bc840dbbd329d5af753079f
191,7c230b0a4bdc4d528b9f8d85ec935aba,d38a55185e0b45cabde119fef0b0b165
192,7c230b0a4bdc4d528b9f8d85ec935aba,2612f050c0b8425d880f5b74897ba1b2
193,dd9bc41d88ce4b05ab512fe99d3e9bce,c31003c19bc840dbbd329d5af753079f
194,dd9bc41d88ce4b05ab512fe99d3e9bce,d38a55185e0b45cabde119fef0b0b165
195,dd9bc41d88ce4b05ab512fe99d3e9bce,1c272064a9a549aca3e18c84858236a1
199,312e2a61ccf545098db297d7231bfe9f,c31003c19bc840dbbd329d5af753079f
200,312e2a61ccf545098db297d7231bfe9f,d38a55185e0b45cabde119fef0b0b165
201,312e2a61ccf545098db297d7231bfe9f,6910608b3a1647fb9e8020364d47a925
202,d1264d0e9dcb41099853085987d9cadc,c31003c19bc840dbbd329d5af753079f
203,d1264d0e9dcb41099853085987d9cadc,d38a55185e0b45cabde119fef0b0b165
204,d1264d0e9dcb41099853085987d9cadc,a5a4c19112844d5b888bb9a819674cc7
205,3e3015ea0886436b8a01b8e6b8f67d4c,c31003c19bc840dbbd329d5af753079f
206,3e3015ea0886436b8a01b8e6b8f67d4c,d38a55185e0b45cabde119fef0b0b165
207,3e3015ea0886436b8a01b8e6b8f67d4c,a5a4c19112844d5b888bb9a819674cc7
208,cc8a1731840d4d7b92e0985d2d1628b1,c31003c19bc840dbbd329d5af753079f
209,cc8a1731840d4d7b92e0985d2d1628b1,d38a55185e0b45cabde119fef0b0b165
210,cc8a1731840d4d7b92e0985d2d1628b1,cf847ad5ef314da7b8e176ef286e4d8c
211,714d13895a564affb88686412e16a6c5,c31003c19bc840dbbd329d5af753079f
212,714d13895a564affb88686412e16a6c5,d38a55185e0b45cabde119fef0b0b165
213,714d13895a564affb88686412e16a6c5,3997b81d2a614a999e191a59979da254
214,c302566666784895aa4fc8fc8e38cceb,c31003c19bc840dbbd329d5af753079f
215,c302566666784895aa4fc8fc8e38cceb,d38a55185e0b45cabde119fef0b0b165
216,c302566666784895aa4fc8fc8e38cceb,a5a4c19112844d5b888bb9a819674cc7
217,d7f9895bbdd94622a76fe9433a53ff7c,c31003c19bc840dbbd329d5af753079f
218,d7f9895bbdd94622a76fe9433a53ff7c,d38a55185e0b45cabde119fef0b0b165
219,d7f9895bbdd94622a76fe9433a53ff7c,2612f050c0b8425d880f5b74897ba1b2
226,837b4b619e874811b612b07d8ef6ebb7,c31003c19bc840dbbd329d5af753079f
227,837b4b619e874811b612b07d8ef6ebb7,d38a55185e0b45cabde119fef0b0b165
228,837b4b619e874811b612b07d8ef6ebb7,cf847ad5ef314da7b8e176ef286e4d8c
229,df50aebaa14a471289068e10fa308593,c31003c19bc840dbbd329d5af753079f
230,df50aebaa14a471289068e10fa308593,d38a55185e0b45cabde119fef0b0b165
231,df50aebaa14a471289068e10fa308593,cf847ad5ef314da7b8e176ef286e4d8c
232,efdc37bac17e44429f6f919362ab89d0,c31003c19bc840dbbd329d5af753079f
233,efdc37bac17e44429f6f919362ab89d0,d38a55185e0b45cabde119fef0b0b165
234,efdc37bac17e44429f6f919362ab89d0,cf847ad5ef314da7b8e176ef286e4d8c
235,81207bfa0d814dbe8f2919895ed0bf94,c31003c19bc840dbbd329d5af753079f
236,81207bfa0d814dbe8f2919895ed0bf94,d38a55185e0b45cabde119fef0b0b165
237,81207bfa0d814dbe8f2919895ed0bf94,1c272064a9a549aca3e18c84858236a1
238,f86d83034ff14c22af7a530f9d6871bb,c31003c19bc840dbbd329d5af753079f
239,f86d83034ff14c22af7a530f9d6871bb,d38a55185e0b45cabde119fef0b0b165
240,f86d83034ff14c22af7a530f9d6871bb,3997b81d2a614a999e191a59979da254
241,cda5d5f355464ee2a8445c01d7fb1920,c31003c19bc840dbbd329d5af753079f
242,cda5d5f355464ee2a8445c01d7fb1920,d38a55185e0b45cabde119fef0b0b165
243,cda5d5f355464ee2a8445c01d7fb1920,b6286b03057f40fda5d970e3d97b3c76
244,cb105ed13685457d9a62fe8e734745d2,c31003c19bc840dbbd329d5af753079f
245,cb105ed13685457d9a62fe8e734745d2,d38a55185e0b45cabde119fef0b0b165
246,cb105ed13685457d9a62fe8e734745d2,b6286b03057f40fda5d970e3d97b3c76
247,e1ce91b6b5db493199f0e708683550d2,c31003c19bc840dbbd329d5af753079f
248,e1ce91b6b5db493199f0e708683550d2,d38a55185e0b45cabde119fef0b0b165
249,e1ce91b6b5db493199f0e708683550d2,b6286b03057f40fda5d970e3d97b3c76
253,6e578c499fd54ad0a073ec67cb3e5ace,c31003c19bc840dbbd329d5af753079f
254,6e578c499fd54ad0a073ec67cb3e5ace,d38a55185e0b45cabde119fef0b0b165
255,6e578c499fd54ad0a073ec67cb3e5ace,2612f050c0b8425d880f5b74897ba1b2
256,a94925b75c784d9d822e80b1fe017eda,c31003c19bc840dbbd329d5af753079f
257,a94925b75c784d9d822e80b1fe017eda,d38a55185e0b45cabde119fef0b0b165
258,a94925b75c784d9d822e80b1fe017eda,a5a4c19112844d5b888bb9a819674cc7
259,af5b9d69cf9e48f59bae56ea4b84eb8a,c31003c19bc840dbbd329d5af753079f
260,af5b9d69cf9e48f59bae56ea4b84eb8a,d38a55185e0b45cabde119fef0b0b165
261,af5b9d69cf9e48f59bae56ea4b84eb8a,1c272064a9a549aca3e18c84858236a1
262,3844a0a71eac4ed894f149415e7acf45,c31003c19bc840dbbd329d5af753079f
263,3844a0a71eac4ed894f149415e7acf45,d38a55185e0b45cabde119fef0b0b165
264,3844a0a71eac4ed894f149415e7acf45,1c272064a9a549aca3e18c84858236a1
265,18e39b871b874560a40245c073db765d,c31003c19bc840dbbd329d5af753079f
266,18e39b871b874560a40245c073db765d,d38a55185e0b45cabde119fef0b0b165
267,18e39b871b874560a40245c073db765d,1c272064a9a549aca3e18c84858236a1
268,38ce261a0812414f8dd8e429463ef6c6,c31003c19bc840dbbd329d5af753079f
269,38ce261a0812414f8dd8e429463ef6c6,d38a55185e0b45cabde119fef0b0b165
270,38ce261a0812414f8dd8e429463ef6c6,1c272064a9a549aca3e18c84858236a1
271,04e942acfdc74e2484df260a6a442234,c31003c19bc840dbbd329d5af753079f
272,04e942acfdc74e2484df260a6a442234,d38a55185e0b45cabde119fef0b0b165
273,04e942acfdc74e2484df260a6a442234,cf847ad5ef314da7b8e176ef286e4d8c
274,bc16674b37984c81a6a0310568eef6ea,c31003c19bc840dbbd329d5af753079f
275,bc16674b37984c81a6a0310568eef6ea,d38a55185e0b45cabde119fef0b0b165
276,bc16674b37984c81a6a0310568eef6ea,2612f050c0b8425d880f5b74897ba1b2
277,5a9bd33a64494752aea38b6192df7bc7,c31003c19bc840dbbd329d5af753079f
278,5a9bd33a64494752aea38b6192df7bc7,d38a55185e0b45cabde119fef0b0b165
279,5a9bd33a64494752aea38b6192df7bc7,b6286b03057f40fda5d970e3d97b3c76
280,ef44b3d6046e42749a8ff50800f60b54,c31003c19bc840dbbd329d5af753079f
281,ef44b3d6046e42749a8ff50800f60b54,d38a55185e0b45cabde119fef0b0b165
282,ef44b3d6046e42749a8ff50800f60b54,3997b81d2a614a999e191a59979da254
283,0a16b9a603e34906aa3f538e72471a59,c31003c19bc840dbbd329d5af753079f
284,0a16b9a603e34906aa3f538e72471a59,d38a55185e0b45cabde119fef0b0b165
285,0a16b9a603e34906aa3f538e72471a59,fabe3cc5cfed457a8dfbf5054c4d3706
286,7c8ae772c6cc43548892fc3d7b5117c2,c31003c19bc840dbbd329d5af753079f
287,7c8ae772c6cc43548892fc3d7b5117c2,d38a55185e0b45cabde119fef0b0b165
288,7c8ae772c6cc43548892fc3d7b5117c2,2612f050c0b8425d880f5b74897ba1b2
289,d83bf90caa114dd7b53263d76fdaefe2,c31003c19bc840dbbd329d5af753079f
290,d83bf90caa114dd7b53263d76fdaefe2,d38a55185e0b45cabde119fef0b0b165
291,d83bf90caa114dd7b53263d76fdaefe2,a5a4c19112844d5b888bb9a819674cc7
301,899c5db5964942bfb10177a66a11eaaf,c31003c19bc840dbbd329d5af753079f
302,899c5db5964942bfb10177a66a11eaaf,d38a55185e0b45cabde119fef0b0b165
303,899c5db5964942bfb10177a66a11eaaf,a5a4c19112844d5b888bb9a819674cc7
304,0d3e3770a62543e08ebea630d3fa4cd5,c31003c19bc840dbbd329d5af753079f
305,0d3e3770a62543e08ebea630d3fa4cd5,d38a55185e0b45cabde119fef0b0b165
306,0d3e3770a62543e08ebea630d3fa4cd5,1c272064a9a549aca3e18c84858236a1
316,a63a9fb4d2b24624b06dfd75f82cb745,c31003c19bc840dbbd329d5af753079f
317,a63a9fb4d2b24624b06dfd75f82cb745,d38a55185e0b45cabde119fef0b0b165
318,a63a9fb4d2b24624b06dfd75f82cb745,6910608b3a1647fb9e8020364d47a925
319,830ae4f31f0d495fbc3b878dc5f34b47,c31003c19bc840dbbd329d5af753079f
320,830ae4f31f0d495fbc3b878dc5f34b47,d38a55185e0b45cabde119fef0b0b165
321,830ae4f31f0d495fbc3b878dc5f34b47,6910608b3a1647fb9e8020364d47a925
322,b0f71614d7e340b4a8e0f51121697b69,c31003c19bc840dbbd329d5af753079f
323,b0f71614d7e340b4a8e0f51121697b69,d38a55185e0b45cabde119fef0b0b165
324,b0f71614d7e340b4a8e0f51121697b69,b6286b03057f40fda5d970e3d97b3c76
325,4b22daf06dda423ead038c651cb14d38,c31003c19bc840dbbd329d5af753079f
326,4b22daf06dda423ead038c651cb14d38,d38a55185e0b45cabde119fef0b0b165
327,4b22daf06dda423ead038c651cb14d38,a5a4c19112844d5b888bb9a819674cc7
328,b0c2446d93d548c2929451d954a5c63d,c31003c19bc840dbbd329d5af753079f
329,b0c2446d93d548c2929451d954a5c63d,d38a55185e0b45cabde119fef0b0b165
330,b0c2446d93d548c2929451d954a5c63d,2612f050c0b8425d880f5b74897ba1b2
331,fcf9809658704621aef3f7c2b44cfada,c31003c19bc840dbbd329d5af753079f
332,fcf9809658704621aef3f7c2b44cfada,d38a55185e0b45cabde119fef0b0b165
333,fcf9809658704621aef3f7c2b44cfada,6910608b3a1647fb9e8020364d47a925
337,0facde7e60614000acf2f146ec07386f,c31003c19bc840dbbd329d5af753079f
338,0facde7e60614000acf2f146ec07386f,d38a55185e0b45cabde119fef0b0b165
339,0facde7e60614000acf2f146ec07386f,a5a4c19112844d5b888bb9a819674cc7
340,3537e7d1374f4354bf1bc59c14c75834,c31003c19bc840dbbd329d5af753079f
341,3537e7d1374f4354bf1bc59c14c75834,d38a55185e0b45cabde119fef0b0b165
342,3537e7d1374f4354bf1bc59c14c75834,2612f050c0b8425d880f5b74897ba1b2
343,8b7c25614d1444ff828ffbef81388092,c31003c19bc840dbbd329d5af753079f
344,8b7c25614d1444ff828ffbef81388092,d38a55185e0b45cabde119fef0b0b165
345,8b7c25614d1444ff828ffbef81388092,a5a4c19112844d5b888bb9a819674cc7
346,763a0e1f9ad6435a88faaa8a77e9ba2b,c31003c19bc840dbbd329d5af753079f
347,763a0e1f9ad6435a88faaa8a77e9ba2b,d38a55185e0b45cabde119fef0b0b165
348,763a0e1f9ad6435a88faaa8a77e9ba2b,a5a4c19112844d5b888bb9a819674cc7
349,f472d05533e94fbd9a89287e6f08e25e,c31003c19bc840dbbd329d5af753079f
350,f472d05533e94fbd9a89287e6f08e25e,d38a55185e0b45cabde119fef0b0b165
351,f472d05533e94fbd9a89287e6f08e25e,a5a4c19112844d5b888bb9a819674cc7
352,ea215e91d25346c8aa9a85ff244124db,c31003c19bc840dbbd329d5af753079f
353,ea215e91d25346c8aa9a85ff244124db,d38a55185e0b45cabde119fef0b0b165
354,ea215e91d25346c8aa9a85ff244124db,9cf782a9cd7b4b06ae1f7b199e2164f1
355,9b9d872379ff425784507d054d4f7c23,c31003c19bc840dbbd329d5af753079f
356,9b9d872379ff425784507d054d4f7c23,d38a55185e0b45cabde119fef0b0b165
357,9b9d872379ff425784507d054d4f7c23,6910608b3a1647fb9e8020364d47a925
358,7ed2bb0124934253af286b7eebb96aa0,c31003c19bc840dbbd329d5af753079f
359,7ed2bb0124934253af286b7eebb96aa0,d38a55185e0b45cabde119fef0b0b165
360,7ed2bb0124934253af286b7eebb96aa0,cf847ad5ef314da7b8e176ef286e4d8c
361,653ee562bed5440e9db71fdc2143ece9,c31003c19bc840dbbd329d5af753079f
362,653ee562bed5440e9db71fdc2143ece9,d38a55185e0b45cabde119fef0b0b165
363,653ee562bed5440e9db71fdc2143ece9,1c272064a9a549aca3e18c84858236a1
